{
  "Standard_SGD": {
    "train_loss": [
      2.0700124198620196,
      1.554369310891501,
      1.1209243780950384,
      0.8157881313717159,
      0.6319644709058913,
      0.5178565292218873,
      0.4384728322878207,
      0.3937452310423488,
      0.3543107017660638,
      0.32586609208726813,
      0.3042580963076693,
      0.2848031358378229,
      0.26403724469261175,
      0.2698478889163656,
      0.25345795487593925,
      0.2463196702227851,
      0.24984193984991135,
      0.229840631885335,
      0.23357241408570695,
      0.2123435068714991,
      0.21038850405415135,
      0.19481581099124173,
      0.20433350792197633,
      0.21676645288986543,
      0.17846208921578055,
      0.18382443416349592,
      0.18546625318358473,
      0.17046621704629497,
      0.15683303059082312,
      0.16242311105153706,
      0.1768405632302116,
      0.14987590294751124,
      0.14055697635038106,
      0.14046316186445604,
      0.13500980803448645,
      0.13961128797173436,
      0.12475813340375558,
      0.12019807353264197,
      0.13550552869166752,
      0.11214526024546032,
      0.11664414190564118,
      0.11110870671143437,
      0.13641491026978603,
      0.10903722381692356,
      0.10397817562719068,
      0.097926635413486,
      0.10388043182663284,
      0.1039436272879088,
      0.09117857850837632,
      0.0926872645581493
    ],
    "train_acc": [
      0.3051271912481877,
      0.47172795571372084,
      0.6400421774087255,
      0.7457493080268881,
      0.7983392645314353,
      0.8283906682483195,
      0.8467114801634374,
      0.8606827468037432,
      0.8691182285488336,
      0.8755766442599183,
      0.8829576907868723,
      0.8879662580730197,
      0.8956109134045077,
      0.8921839989455648,
      0.8975879794385132,
      0.9016739159087913,
      0.8975879794385132,
      0.9083959404244102,
      0.9060234611836036,
      0.9148543561354949,
      0.9143271385264268,
      0.9267167523395281,
      0.9244760775009885,
      0.9155133781468301,
      0.9346250164755503,
      0.9330433636483458,
      0.9325161460392777,
      0.9396335837616976,
      0.9454329774614472,
      0.9433241070251747,
      0.9363384737050218,
      0.9514959799657309,
      0.9532094371952023,
      0.9528140239884012,
      0.9550546988269408,
      0.952155001977066,
      0.9609858969289574,
      0.9611177013312244,
      0.9550546988269408,
      0.963226571767497,
      0.9600632661130882,
      0.9629629629629629,
      0.9536048504020034,
      0.9659944642151048,
      0.9675761170423092,
      0.9699485962831158,
      0.9679715302491103,
      0.9655990510083037,
      0.9725846843284566,
      0.9690259654672466
    ],
    "test_loss": [
      1.754455989924574,
      1.195797678397077,
      0.797281821410872,
      0.8433030684220456,
      0.42511948447222425,
      0.3325423524533875,
      0.32668571558716314,
      0.3079919632727593,
      0.666714298674589,
      1.6595399384784142,
      0.23497793903632586,
      0.2495492293080389,
      0.2206198018800347,
      0.5491421141370018,
      0.22618264634760366,
      1.066143448623988,
      0.2863989422279427,
      0.7159128072252078,
      0.1746579633160012,
      0.2557440013639534,
      0.2591863798592526,
      0.14012527342927192,
      0.9120704488395445,
      0.16625501064062473,
      0.43254034727594404,
      0.7056918845205634,
      0.18382002210135215,
      0.400017432340941,
      1.542012143448769,
      2.5501876814082602,
      0.3570496714094019,
      0.17114017190969147,
      0.18121981779494678,
      0.3704851797486443,
      0.11845521723105566,
      0.09416852563264383,
      0.11143727620538456,
      1.7036177409641546,
      2.8218595196266434,
      0.09264309408793826,
      0.1692186064145093,
      27.15713121723453,
      0.1892390535348046,
      0.29543188708052326,
      0.2951967639481638,
      0.20223064447304498,
      0.10832442866906546,
      0.14577709814484482,
      0.14797654081627273,
      2.23309880508866
    ],
    "test_acc": [
      0.3502914679385268,
      0.6968733439321675,
      0.8701642819289878,
      0.7016428192898782,
      0.8579756226815051,
      0.8966613672496025,
      0.8918918918918919,
      0.8871224165341812,
      0.7080021197668257,
      0.6459989401165872,
      0.8940116587175411,
      0.8940116587175411,
      0.913619501854796,
      0.8113407525172232,
      0.895601483836778,
      0.7604663487016429,
      0.8669846316905141,
      0.7366189719130896,
      0.926338102808691,
      0.8786433492315845,
      0.8839427662957074,
      0.9379968203497615,
      0.6788553259141494,
      0.918918918918919,
      0.8081611022787494,
      0.8187599364069952,
      0.9162692103868575,
      0.8415474297827239,
      0.661897191308956,
      0.539480657127716,
      0.8526762056173821,
      0.9146793852676206,
      0.9152093269740329,
      0.8526762056173821,
      0.9517753047164812,
      0.9650238473767886,
      0.9602543720190779,
      0.6025437201907791,
      0.5506094329623742,
      0.9629040805511394,
      0.9305776364599894,
      0.20031796502384738,
      0.9173290937996821,
      0.895601483836778,
      0.8781134075251722,
      0.9252782193958664,
      0.9570747217806042,
      0.9348171701112877,
      0.9369369369369369,
      0.6136724960254372
    ]
  },
  "Momentum_SGD": {
    "train_loss": [
      1.0484123246949764,
      0.3490321853108379,
      0.2604564913368451,
      0.24204836177677838,
      0.1641189706184906,
      0.16539726193532245,
      0.13155714025041151,
      0.12264291232414234,
      0.11488718266573225,
      0.10748286690664602,
      0.09062676966638139,
      0.08903536678766787,
      0.08063856016093757,
      0.08215846693435645,
      0.09694357351680448,
      0.09289252270551732,
      0.08622061225722018,
      0.10932302056831758,
      0.10531410265969746,
      0.07161418317126178,
      0.07659765706006381,
      0.0801936628099831,
      0.05940686689211758,
      0.09324061954635805,
      0.06594824163837051,
      0.06655777947069062,
      0.05906656346562133,
      0.05373319431194694,
      0.050533826770173776,
      0.05828868504404959,
      0.08605714272734706,
      0.07062540505598448,
      0.05008088085922303,
      0.04543818812608656,
      0.046473238277894104,
      0.05670835530817218,
      0.04469317141149443,
      0.0426397064792296,
      0.07881227432817312,
      0.053494124011794174,
      0.049563243237859385,
      0.09588204294784873,
      0.05832025668096115,
      0.052214922047822514,
      0.04092753972036731,
      0.05975099629338934,
      0.047584739224858806,
      0.03962905363846166,
      0.04731737257240317,
      0.04792804111895612
    ],